--
-- PostgreSQL database dump
--

-- Dumped from database version 12.9 (Ubuntu 12.9-0ubuntu0.20.04.1)
-- Dumped by pg_dump version 12.9 (Ubuntu 12.9-0ubuntu0.20.04.1)

SET statement_timeout = 0;
SET lock_timeout = 0;
SET idle_in_transaction_session_timeout = 0;
SET client_encoding = 'UTF8';
SET standard_conforming_strings = on;
SELECT pg_catalog.set_config('search_path', '', false);
SET check_function_bodies = false;
SET xmloption = content;
SET client_min_messages = warning;
SET row_security = off;

SET default_tablespace = '';

SET default_table_access_method = heap;

--
-- Name: auth_group; Type: TABLE; Schema: public; Owner: -
--

CREATE TABLE public.auth_group (
    id integer NOT NULL,
    name character varying(150) NOT NULL
);


--
-- Name: auth_group_id_seq; Type: SEQUENCE; Schema: public; Owner: -
--

CREATE SEQUENCE public.auth_group_id_seq
    AS integer
    START WITH 1
    INCREMENT BY 1
    NO MINVALUE
    NO MAXVALUE
    CACHE 1;


--
-- Name: auth_group_id_seq; Type: SEQUENCE OWNED BY; Schema: public; Owner: -
--

ALTER SEQUENCE public.auth_group_id_seq OWNED BY public.auth_group.id;


--
-- Name: auth_group_permissions; Type: TABLE; Schema: public; Owner: -
--

CREATE TABLE public.auth_group_permissions (
    id bigint NOT NULL,
    group_id integer NOT NULL,
    permission_id integer NOT NULL
);


--
-- Name: auth_group_permissions_id_seq; Type: SEQUENCE; Schema: public; Owner: -
--

CREATE SEQUENCE public.auth_group_permissions_id_seq
    START WITH 1
    INCREMENT BY 1
    NO MINVALUE
    NO MAXVALUE
    CACHE 1;


--
-- Name: auth_group_permissions_id_seq; Type: SEQUENCE OWNED BY; Schema: public; Owner: -
--

ALTER SEQUENCE public.auth_group_permissions_id_seq OWNED BY public.auth_group_permissions.id;


--
-- Name: auth_permission; Type: TABLE; Schema: public; Owner: -
--

CREATE TABLE public.auth_permission (
    id integer NOT NULL,
    name character varying(255) NOT NULL,
    content_type_id integer NOT NULL,
    codename character varying(100) NOT NULL
);


--
-- Name: auth_permission_id_seq; Type: SEQUENCE; Schema: public; Owner: -
--

CREATE SEQUENCE public.auth_permission_id_seq
    AS integer
    START WITH 1
    INCREMENT BY 1
    NO MINVALUE
    NO MAXVALUE
    CACHE 1;


--
-- Name: auth_permission_id_seq; Type: SEQUENCE OWNED BY; Schema: public; Owner: -
--

ALTER SEQUENCE public.auth_permission_id_seq OWNED BY public.auth_permission.id;


--
-- Name: auth_user; Type: TABLE; Schema: public; Owner: -
--

CREATE TABLE public.auth_user (
    id integer NOT NULL,
    password character varying(128) NOT NULL,
    last_login timestamp with time zone,
    is_superuser boolean NOT NULL,
    username character varying(150) NOT NULL,
    first_name character varying(150) NOT NULL,
    last_name character varying(150) NOT NULL,
    email character varying(254) NOT NULL,
    is_staff boolean NOT NULL,
    is_active boolean NOT NULL,
    date_joined timestamp with time zone NOT NULL
);


--
-- Name: auth_user_groups; Type: TABLE; Schema: public; Owner: -
--

CREATE TABLE public.auth_user_groups (
    id bigint NOT NULL,
    user_id integer NOT NULL,
    group_id integer NOT NULL
);


--
-- Name: auth_user_groups_id_seq; Type: SEQUENCE; Schema: public; Owner: -
--

CREATE SEQUENCE public.auth_user_groups_id_seq
    START WITH 1
    INCREMENT BY 1
    NO MINVALUE
    NO MAXVALUE
    CACHE 1;


--
-- Name: auth_user_groups_id_seq; Type: SEQUENCE OWNED BY; Schema: public; Owner: -
--

ALTER SEQUENCE public.auth_user_groups_id_seq OWNED BY public.auth_user_groups.id;


--
-- Name: auth_user_id_seq; Type: SEQUENCE; Schema: public; Owner: -
--

CREATE SEQUENCE public.auth_user_id_seq
    AS integer
    START WITH 1
    INCREMENT BY 1
    NO MINVALUE
    NO MAXVALUE
    CACHE 1;


--
-- Name: auth_user_id_seq; Type: SEQUENCE OWNED BY; Schema: public; Owner: -
--

ALTER SEQUENCE public.auth_user_id_seq OWNED BY public.auth_user.id;


--
-- Name: auth_user_user_permissions; Type: TABLE; Schema: public; Owner: -
--

CREATE TABLE public.auth_user_user_permissions (
    id bigint NOT NULL,
    user_id integer NOT NULL,
    permission_id integer NOT NULL
);


--
-- Name: auth_user_user_permissions_id_seq; Type: SEQUENCE; Schema: public; Owner: -
--

CREATE SEQUENCE public.auth_user_user_permissions_id_seq
    START WITH 1
    INCREMENT BY 1
    NO MINVALUE
    NO MAXVALUE
    CACHE 1;


--
-- Name: auth_user_user_permissions_id_seq; Type: SEQUENCE OWNED BY; Schema: public; Owner: -
--

ALTER SEQUENCE public.auth_user_user_permissions_id_seq OWNED BY public.auth_user_user_permissions.id;


--
-- Name: catalog_author; Type: TABLE; Schema: public; Owner: -
--

CREATE TABLE public.catalog_author (
    id bigint NOT NULL,
    first_name character varying(100) NOT NULL,
    last_name character varying(100) NOT NULL
);


--
-- Name: catalog_author_id_seq; Type: SEQUENCE; Schema: public; Owner: -
--

CREATE SEQUENCE public.catalog_author_id_seq
    START WITH 1
    INCREMENT BY 1
    NO MINVALUE
    NO MAXVALUE
    CACHE 1;


--
-- Name: catalog_author_id_seq; Type: SEQUENCE OWNED BY; Schema: public; Owner: -
--

ALTER SEQUENCE public.catalog_author_id_seq OWNED BY public.catalog_author.id;


--
-- Name: catalog_book; Type: TABLE; Schema: public; Owner: -
--

CREATE TABLE public.catalog_book (
    path_to_cover_image character varying(100) NOT NULL,
    id bigint NOT NULL,
    isbn character varying(13) NOT NULL,
    title character varying(200) NOT NULL,
    price numeric(10,2) NOT NULL,
    number_copies_stock integer NOT NULL,
    date date,
    slug character varying(50) NOT NULL,
    score numeric(4,2) NOT NULL,
    n_votes integer NOT NULL
);


--
-- Name: catalog_book_author; Type: TABLE; Schema: public; Owner: -
--

CREATE TABLE public.catalog_book_author (
    id bigint NOT NULL,
    book_id bigint NOT NULL,
    author_id bigint NOT NULL
);


--
-- Name: catalog_book_author_id_seq; Type: SEQUENCE; Schema: public; Owner: -
--

CREATE SEQUENCE public.catalog_book_author_id_seq
    START WITH 1
    INCREMENT BY 1
    NO MINVALUE
    NO MAXVALUE
    CACHE 1;


--
-- Name: catalog_book_author_id_seq; Type: SEQUENCE OWNED BY; Schema: public; Owner: -
--

ALTER SEQUENCE public.catalog_book_author_id_seq OWNED BY public.catalog_book_author.id;


--
-- Name: catalog_book_id_seq; Type: SEQUENCE; Schema: public; Owner: -
--

CREATE SEQUENCE public.catalog_book_id_seq
    START WITH 1
    INCREMENT BY 1
    NO MINVALUE
    NO MAXVALUE
    CACHE 1;


--
-- Name: catalog_book_id_seq; Type: SEQUENCE OWNED BY; Schema: public; Owner: -
--

ALTER SEQUENCE public.catalog_book_id_seq OWNED BY public.catalog_book.id;


--
-- Name: catalog_comment; Type: TABLE; Schema: public; Owner: -
--

CREATE TABLE public.catalog_comment (
    id bigint NOT NULL,
    date timestamp with time zone,
    msg character varying(500) NOT NULL,
    book_id bigint,
    user_id integer
);


--
-- Name: catalog_comment_id_seq; Type: SEQUENCE; Schema: public; Owner: -
--

CREATE SEQUENCE public.catalog_comment_id_seq
    START WITH 1
    INCREMENT BY 1
    NO MINVALUE
    NO MAXVALUE
    CACHE 1;


--
-- Name: catalog_comment_id_seq; Type: SEQUENCE OWNED BY; Schema: public; Owner: -
--

ALTER SEQUENCE public.catalog_comment_id_seq OWNED BY public.catalog_comment.id;


--
-- Name: catalog_vote; Type: TABLE; Schema: public; Owner: -
--

CREATE TABLE public.catalog_vote (
    id bigint NOT NULL,
    rate integer NOT NULL,
    book_id bigint,
    user_id integer
);


--
-- Name: catalog_vote_id_seq; Type: SEQUENCE; Schema: public; Owner: -
--

CREATE SEQUENCE public.catalog_vote_id_seq
    START WITH 1
    INCREMENT BY 1
    NO MINVALUE
    NO MAXVALUE
    CACHE 1;


--
-- Name: catalog_vote_id_seq; Type: SEQUENCE OWNED BY; Schema: public; Owner: -
--

ALTER SEQUENCE public.catalog_vote_id_seq OWNED BY public.catalog_vote.id;


--
-- Name: django_admin_log; Type: TABLE; Schema: public; Owner: -
--

CREATE TABLE public.django_admin_log (
    id integer NOT NULL,
    action_time timestamp with time zone NOT NULL,
    object_id text,
    object_repr character varying(200) NOT NULL,
    action_flag smallint NOT NULL,
    change_message text NOT NULL,
    content_type_id integer,
    user_id integer NOT NULL,
    CONSTRAINT django_admin_log_action_flag_check CHECK ((action_flag >= 0))
);


--
-- Name: django_admin_log_id_seq; Type: SEQUENCE; Schema: public; Owner: -
--

CREATE SEQUENCE public.django_admin_log_id_seq
    AS integer
    START WITH 1
    INCREMENT BY 1
    NO MINVALUE
    NO MAXVALUE
    CACHE 1;


--
-- Name: django_admin_log_id_seq; Type: SEQUENCE OWNED BY; Schema: public; Owner: -
--

ALTER SEQUENCE public.django_admin_log_id_seq OWNED BY public.django_admin_log.id;


--
-- Name: django_content_type; Type: TABLE; Schema: public; Owner: -
--

CREATE TABLE public.django_content_type (
    id integer NOT NULL,
    app_label character varying(100) NOT NULL,
    model character varying(100) NOT NULL
);


--
-- Name: django_content_type_id_seq; Type: SEQUENCE; Schema: public; Owner: -
--

CREATE SEQUENCE public.django_content_type_id_seq
    AS integer
    START WITH 1
    INCREMENT BY 1
    NO MINVALUE
    NO MAXVALUE
    CACHE 1;


--
-- Name: django_content_type_id_seq; Type: SEQUENCE OWNED BY; Schema: public; Owner: -
--

ALTER SEQUENCE public.django_content_type_id_seq OWNED BY public.django_content_type.id;


--
-- Name: django_migrations; Type: TABLE; Schema: public; Owner: -
--

CREATE TABLE public.django_migrations (
    id bigint NOT NULL,
    app character varying(255) NOT NULL,
    name character varying(255) NOT NULL,
    applied timestamp with time zone NOT NULL
);


--
-- Name: django_migrations_id_seq; Type: SEQUENCE; Schema: public; Owner: -
--

CREATE SEQUENCE public.django_migrations_id_seq
    START WITH 1
    INCREMENT BY 1
    NO MINVALUE
    NO MAXVALUE
    CACHE 1;


--
-- Name: django_migrations_id_seq; Type: SEQUENCE OWNED BY; Schema: public; Owner: -
--

ALTER SEQUENCE public.django_migrations_id_seq OWNED BY public.django_migrations.id;


--
-- Name: django_session; Type: TABLE; Schema: public; Owner: -
--

CREATE TABLE public.django_session (
    session_key character varying(40) NOT NULL,
    session_data text NOT NULL,
    expire_date timestamp with time zone NOT NULL
);


--
-- Name: orders_order; Type: TABLE; Schema: public; Owner: -
--

CREATE TABLE public.orders_order (
    id bigint NOT NULL,
    first_name character varying(50) NOT NULL,
    last_name character varying(50) NOT NULL,
    email character varying(254) NOT NULL,
    address character varying(300) NOT NULL,
    postal_code character varying(5) NOT NULL,
    city character varying(50) NOT NULL,
    created timestamp with time zone,
    updated timestamp with time zone,
    paid boolean
);


--
-- Name: orders_order_id_seq; Type: SEQUENCE; Schema: public; Owner: -
--

CREATE SEQUENCE public.orders_order_id_seq
    START WITH 1
    INCREMENT BY 1
    NO MINVALUE
    NO MAXVALUE
    CACHE 1;


--
-- Name: orders_order_id_seq; Type: SEQUENCE OWNED BY; Schema: public; Owner: -
--

ALTER SEQUENCE public.orders_order_id_seq OWNED BY public.orders_order.id;


--
-- Name: orders_orderitem; Type: TABLE; Schema: public; Owner: -
--

CREATE TABLE public.orders_orderitem (
    id bigint NOT NULL,
    price numeric(10,2) NOT NULL,
    quantity integer NOT NULL,
    book_id bigint,
    order_id bigint
);


--
-- Name: orders_orderitem_id_seq; Type: SEQUENCE; Schema: public; Owner: -
--

CREATE SEQUENCE public.orders_orderitem_id_seq
    START WITH 1
    INCREMENT BY 1
    NO MINVALUE
    NO MAXVALUE
    CACHE 1;


--
-- Name: orders_orderitem_id_seq; Type: SEQUENCE OWNED BY; Schema: public; Owner: -
--

ALTER SEQUENCE public.orders_orderitem_id_seq OWNED BY public.orders_orderitem.id;


--
-- Name: auth_group id; Type: DEFAULT; Schema: public; Owner: -
--

ALTER TABLE ONLY public.auth_group ALTER COLUMN id SET DEFAULT nextval('public.auth_group_id_seq'::regclass);


--
-- Name: auth_group_permissions id; Type: DEFAULT; Schema: public; Owner: -
--

ALTER TABLE ONLY public.auth_group_permissions ALTER COLUMN id SET DEFAULT nextval('public.auth_group_permissions_id_seq'::regclass);


--
-- Name: auth_permission id; Type: DEFAULT; Schema: public; Owner: -
--

ALTER TABLE ONLY public.auth_permission ALTER COLUMN id SET DEFAULT nextval('public.auth_permission_id_seq'::regclass);


--
-- Name: auth_user id; Type: DEFAULT; Schema: public; Owner: -
--

ALTER TABLE ONLY public.auth_user ALTER COLUMN id SET DEFAULT nextval('public.auth_user_id_seq'::regclass);


--
-- Name: auth_user_groups id; Type: DEFAULT; Schema: public; Owner: -
--

ALTER TABLE ONLY public.auth_user_groups ALTER COLUMN id SET DEFAULT nextval('public.auth_user_groups_id_seq'::regclass);


--
-- Name: auth_user_user_permissions id; Type: DEFAULT; Schema: public; Owner: -
--

ALTER TABLE ONLY public.auth_user_user_permissions ALTER COLUMN id SET DEFAULT nextval('public.auth_user_user_permissions_id_seq'::regclass);


--
-- Name: catalog_author id; Type: DEFAULT; Schema: public; Owner: -
--

ALTER TABLE ONLY public.catalog_author ALTER COLUMN id SET DEFAULT nextval('public.catalog_author_id_seq'::regclass);


--
-- Name: catalog_book id; Type: DEFAULT; Schema: public; Owner: -
--

ALTER TABLE ONLY public.catalog_book ALTER COLUMN id SET DEFAULT nextval('public.catalog_book_id_seq'::regclass);


--
-- Name: catalog_book_author id; Type: DEFAULT; Schema: public; Owner: -
--

ALTER TABLE ONLY public.catalog_book_author ALTER COLUMN id SET DEFAULT nextval('public.catalog_book_author_id_seq'::regclass);


--
-- Name: catalog_comment id; Type: DEFAULT; Schema: public; Owner: -
--

ALTER TABLE ONLY public.catalog_comment ALTER COLUMN id SET DEFAULT nextval('public.catalog_comment_id_seq'::regclass);


--
-- Name: catalog_vote id; Type: DEFAULT; Schema: public; Owner: -
--

ALTER TABLE ONLY public.catalog_vote ALTER COLUMN id SET DEFAULT nextval('public.catalog_vote_id_seq'::regclass);


--
-- Name: django_admin_log id; Type: DEFAULT; Schema: public; Owner: -
--

ALTER TABLE ONLY public.django_admin_log ALTER COLUMN id SET DEFAULT nextval('public.django_admin_log_id_seq'::regclass);


--
-- Name: django_content_type id; Type: DEFAULT; Schema: public; Owner: -
--

ALTER TABLE ONLY public.django_content_type ALTER COLUMN id SET DEFAULT nextval('public.django_content_type_id_seq'::regclass);


--
-- Name: django_migrations id; Type: DEFAULT; Schema: public; Owner: -
--

ALTER TABLE ONLY public.django_migrations ALTER COLUMN id SET DEFAULT nextval('public.django_migrations_id_seq'::regclass);


--
-- Name: orders_order id; Type: DEFAULT; Schema: public; Owner: -
--

ALTER TABLE ONLY public.orders_order ALTER COLUMN id SET DEFAULT nextval('public.orders_order_id_seq'::regclass);


--
-- Name: orders_orderitem id; Type: DEFAULT; Schema: public; Owner: -
--

ALTER TABLE ONLY public.orders_orderitem ALTER COLUMN id SET DEFAULT nextval('public.orders_orderitem_id_seq'::regclass);


--
-- Data for Name: auth_group; Type: TABLE DATA; Schema: public; Owner: -
--

COPY public.auth_group (id, name) FROM stdin;
\.


--
-- Data for Name: auth_group_permissions; Type: TABLE DATA; Schema: public; Owner: -
--

COPY public.auth_group_permissions (id, group_id, permission_id) FROM stdin;
\.


--
-- Data for Name: auth_permission; Type: TABLE DATA; Schema: public; Owner: -
--

COPY public.auth_permission (id, name, content_type_id, codename) FROM stdin;
1	Can add log entry	1	add_logentry
2	Can change log entry	1	change_logentry
3	Can delete log entry	1	delete_logentry
4	Can view log entry	1	view_logentry
5	Can add permission	2	add_permission
6	Can change permission	2	change_permission
7	Can delete permission	2	delete_permission
8	Can view permission	2	view_permission
9	Can add group	3	add_group
10	Can change group	3	change_group
11	Can delete group	3	delete_group
12	Can view group	3	view_group
13	Can add user	4	add_user
14	Can change user	4	change_user
15	Can delete user	4	delete_user
16	Can view user	4	view_user
17	Can add content type	5	add_contenttype
18	Can change content type	5	change_contenttype
19	Can delete content type	5	delete_contenttype
20	Can view content type	5	view_contenttype
21	Can add session	6	add_session
22	Can change session	6	change_session
23	Can delete session	6	delete_session
24	Can view session	6	view_session
25	Can add author	7	add_author
26	Can change author	7	change_author
27	Can delete author	7	delete_author
28	Can view author	7	view_author
29	Can add book	8	add_book
30	Can change book	8	change_book
31	Can delete book	8	delete_book
32	Can view book	8	view_book
33	Can add comment	9	add_comment
34	Can change comment	9	change_comment
35	Can delete comment	9	delete_comment
36	Can view comment	9	view_comment
37	Can add vote	10	add_vote
38	Can change vote	10	change_vote
39	Can delete vote	10	delete_vote
40	Can view vote	10	view_vote
41	Can add order	11	add_order
42	Can change order	11	change_order
43	Can delete order	11	delete_order
44	Can view order	11	view_order
45	Can add order item	12	add_orderitem
46	Can change order item	12	change_orderitem
47	Can delete order item	12	delete_orderitem
48	Can view order item	12	view_orderitem
\.


--
-- Data for Name: auth_user; Type: TABLE DATA; Schema: public; Owner: -
--

COPY public.auth_user (id, password, last_login, is_superuser, username, first_name, last_name, email, is_staff, is_active, date_joined) FROM stdin;
2	d589ffbd379c9530df3612a30da3997ea05529a9116955581f9dcc854423b86a	\N	f	Gary Wilson	Kimberly	Taylor	james53@yahoo.com	f	t	2022-06-10 21:17:55.713065+02
3	dbc23b9dd0d59fcb83ac969bd8e936b4ebddda40bc2380ea86e0bfa38242fc73	\N	f	Monica Jones	Karen	Johnson	butlerjennifer@miller-bates.com	f	t	2022-06-10 21:17:55.715148+02
4	fbb67644327218da12390762811752969bc995ed8fc9e21251cfa94a80c2a66f	\N	f	Jason Anderson	Michael	Rodriguez	silvajoshua@yahoo.com	f	t	2022-06-10 21:17:55.716764+02
5	7aa91fb1563725f56661dfad5178c9862c3641f0fedaae3b3956cfa097885bfd	\N	f	Katrina Skinner	Jennifer	Soto	anthony28@sanchez.biz	f	t	2022-06-10 21:17:55.718123+02
6	af051d0bad279b27874871e15a60e9e1617c5585c12b9eda406bc8ce51f0d9c5	\N	f	Jeanette Smith	James	Sampson	ltyler@osborne.org	f	t	2022-06-10 21:17:55.719583+02
7	71b61f0d4a3a860668d60b015ead1d1a4173beca81d39e12a15f6872521ba318	\N	f	Christopher Merritt	Lindsay	Lucas	alexis31@ramirez.com	f	t	2022-06-10 21:17:55.720937+02
8	c93f8d39a68b12d21670c6bc0a676d4ec348908c151854d0fd5e1a7ac572a3fb	\N	f	Joseph Johnson	Joseph	Bishop	wharris@yahoo.com	f	t	2022-06-10 21:17:55.722156+02
9	208db85cf2f7a5cb8c34f17ea0870b99985f030ba3bf4d803f5defcf5619694f	\N	f	Stephen Clark	Mary	Robinson	thompsonjames@johnson-williams.com	f	t	2022-06-10 21:17:55.723548+02
10	1574f95750025b656d1d67fe5a61d2995e547b12965f5751d0d3a2fed51a489b	\N	f	Joshua Joyce	Chase	Cooper	deborahcohen@yahoo.com	f	t	2022-06-10 21:17:55.724793+02
11	71e031a35029ee3ab1a44ce5419b8dd98cc8c532974aac78ff10b97f791fe790	\N	f	David May	Michelle	Smith	russell81@gmail.com	f	t	2022-06-10 21:17:55.725962+02
12	5e75ac8713e6cd30a86dbcdc8ffd19fee3fa0087a12fecdb0c480ad4305ddca1	\N	f	Joyce Nelson	Kenneth	Murphy	duncantraci@miller.net	f	t	2022-06-10 21:17:55.727259+02
13	2b40b00a687e22a734fdbc031e834018fb4e7db430c117d2e80dfd7787c8173e	\N	f	Ashley Martin	Tiffany	Poole	andrew99@thompson.com	f	t	2022-06-10 21:17:55.728614+02
14	a32d7f34a5640c563ea52e409182a335dedc689ca8ca6504939c1accfb5f23f9	\N	f	James Dickson	Jacqueline	Carter	lcross@yahoo.com	f	t	2022-06-10 21:17:55.729801+02
15	08306e74c79bf35daed649345af8ebd96c558213a3b04d6c25a5df236a3d90ae	\N	f	Kristin Marquez	Julie	Taylor	laurengiles@davis-newton.com	f	t	2022-06-10 21:17:55.731043+02
16	3a9e348b381dc6121c4aa368f79ed3d232668ce0df4949c9456d21dfbccf40a0	\N	f	Corey Garcia	Sean	Baker	terrellamanda@cooper.biz	f	t	2022-06-10 21:17:55.732484+02
17	649fda0e0e1886a64ea75e53647a907f5cce0fa480a8800de04b3ae4148bc9ca	\N	f	Nicholas Richardson	Daniel	Swanson	omiller@hotmail.com	f	t	2022-06-10 21:17:55.733669+02
18	8fc244cbe335b700bbd1c5011573ad18e92d0c1f3f8a8d250ccd407bd246f75d	\N	f	Daniel Camacho	Kelly	Holmes	tonywhite@stewart-boone.com	f	t	2022-06-10 21:17:55.734904+02
19	eb54db060040e7bdd3417107babb17c19bb6558cff213756a49bf9ce5563c5c2	\N	f	Kathleen Schmitt	Cynthia	Haas	uobrien@gmail.com	f	t	2022-06-10 21:17:55.736001+02
20	1f1f3425e960cace702f8ce69a4d6026f0f089b9f9c535f5605fa68d7461dddc	\N	f	Levi Mccall	Brandon	Washington	tonya24@yahoo.com	f	t	2022-06-10 21:17:55.737157+02
21	cdb5660e336a705376e818fce379459cba5770cf92292cf19d86c4ebe15aeef1	\N	f	Bethany Jenkins	Jeffrey	Griffith	jennifer18@walker-green.com	f	t	2022-06-10 21:17:55.738445+02
22	pbkdf2_sha256$260000$DUsI3rKaM2gTN0hsMhcTkq$zyaQ/YalkNyQ2eJBkxwEfgjjk3YZ7hNX3mcGUYl5Hjg=	\N	t	alumnodb			admin@myproject.com	t	t	2022-06-10 21:18:03.661653+02
\.


--
-- Data for Name: auth_user_groups; Type: TABLE DATA; Schema: public; Owner: -
--

COPY public.auth_user_groups (id, user_id, group_id) FROM stdin;
\.


--
-- Data for Name: auth_user_user_permissions; Type: TABLE DATA; Schema: public; Owner: -
--

COPY public.auth_user_user_permissions (id, user_id, permission_id) FROM stdin;
\.


--
-- Data for Name: catalog_author; Type: TABLE DATA; Schema: public; Owner: -
--

COPY public.catalog_author (id, first_name, last_name) FROM stdin;
1	Nicole	Harper
2	Susan	Snow
3	Tonya	Cole
4	Eric	Young
5	Sara	Curry
6	Courtney	Palmer
7	Laurie	Spencer
8	Lorraine	Gill
9	Jasmine	Collins
10	Brittney	Sanchez
\.


--
-- Data for Name: catalog_book; Type: TABLE DATA; Schema: public; Owner: -
--

COPY public.catalog_book (path_to_cover_image, id, isbn, title, price, number_copies_stock, date, slug, score, n_votes) FROM stdin;
covers/hard-5.png	5	6503813769746	Hard	8.32	2473	2015-04-17	hard-5	1.50	2
covers/out-2.png	2	2590355914820	Out	5.20	8911	2019-11-10	out-2	7.00	4
covers/pressure-1.png	1	4612469886653	Pressure	1.08	6040	2008-06-24	pressure-1	5.25	8
covers/scene-21.png	21	7582719808693	Scene	1.65	8084	2009-10-21	scene-21	3.43	7
covers/determine-3.png	3	1934133597297	Determine	7.06	4508	1998-04-16	determine-3	6.40	5
covers/be-17.png	17	2484156545388	Be	4.58	9873	2000-08-02	be-17	7.00	7
covers/data-6.png	6	5273557477553	Data	6.83	6748	1981-06-02	data-6	4.80	5
covers/order-18.png	18	1031344341107	Order	4.07	2341	1981-06-12	order-18	3.25	4
covers/them-28.png	28	9835395609907	Them	5.50	9127	2021-10-28	them-28	5.20	5
covers/send-13.png	13	3672649731735	Send	3.31	5329	1993-12-13	send-13	4.29	7
covers/painting-7.png	7	1589491218792	Painting	2.37	4475	2005-06-28	painting-7	4.00	6
covers/treat-20.png	20	3095629134056	Treat	5.39	7562	2005-12-21	treat-20	5.57	7
covers/prepare-11.png	11	6149554625566	Prepare	8.37	1162	1975-07-20	prepare-11	6.00	6
covers/may-26.png	26	7869134198876	May	1.09	6053	1987-04-09	may-26	3.17	6
covers/imagine-10.png	10	4921802312816	Imagine	3.55	4777	1996-05-02	imagine-10	5.83	6
covers/condition-22.png	22	0148970902027	Condition	3.24	4083	1974-02-19	condition-22	5.62	8
covers/decide-29.png	29	3979043097247	Decide	4.02	8325	2017-01-31	decide-29	6.80	5
covers/behavior-24.png	24	2022003021764	Behavior	9.17	8262	1991-05-20	behavior-24	4.67	3
covers/real-16.png	16	6278922515060	Real	5.11	7783	2002-06-18	real-16	3.00	1
covers/easy-14.png	14	4297654223370	Easy	5.78	9471	1980-06-16	easy-14	4.00	5
covers/agree-4.png	4	8387861981419	Agree	9.62	2597	2003-08-13	agree-4	2.00	5
covers/should-25.png	25	4417360485720	Should	2.72	8148	2020-12-17	should-25	5.75	4
covers/suffer-30.png	30	1323464722501	Suffer	4.13	5465	1999-03-28	suffer-30	6.17	6
covers/hit-19.png	19	0833134586533	Hit	2.81	4888	2018-01-26	hit-19	3.57	7
covers/try-12.png	12	2443083472645	Try	7.32	2790	1998-12-24	try-12	7.20	5
covers/community-27.png	27	5837883462638	Community	8.88	9200	2003-11-22	community-27	7.00	4
covers/serve-15.png	15	7536153798094	Serve	1.20	7754	2009-01-18	serve-15	5.50	8
covers/another-23.png	23	6918792100979	Another	2.40	5045	2002-07-19	another-23	8.00	3
covers/notice-8.png	8	9287391152259	Notice	6.74	8868	2019-03-03	notice-8	4.25	4
covers/number-9.png	9	0460843795630	Number	8.95	2663	2011-07-21	number-9	5.00	9
\.


--
-- Data for Name: catalog_book_author; Type: TABLE DATA; Schema: public; Owner: -
--

COPY public.catalog_book_author (id, book_id, author_id) FROM stdin;
1	1	5
2	2	1
3	3	10
4	4	4
5	5	8
6	6	9
7	7	1
8	8	5
9	9	8
10	10	6
11	11	3
12	12	1
13	13	10
14	14	5
15	15	3
16	16	3
17	17	2
18	18	6
19	19	9
20	20	1
21	21	7
22	22	5
23	23	9
24	24	9
25	25	2
26	26	1
27	27	2
28	28	8
29	29	10
30	30	9
\.


--
-- Data for Name: catalog_comment; Type: TABLE DATA; Schema: public; Owner: -
--

COPY public.catalog_comment (id, date, msg, book_id, user_id) FROM stdin;
1	2022-06-10 21:17:56.15117+02	Develop go rich modern analysis through. We area learn. Paper strong TV rich near.\nTechnology each modern voice. Save usually action two treat. Oil behavior guy behind forget book kitchen.	2	21
2	2022-06-10 21:17:56.153624+02	Idea although trade manager. Movement decide whom carry alone line success. Late any provide near eat mention. Bill old resource under accept the.	8	11
3	2022-06-10 21:17:56.155723+02	Return bar lay senior fear.\nPossible serious stock. Animal per shake discuss pick sound. Summer line away safe site country.\nDifficult born support after.	7	11
4	2022-06-10 21:17:56.157773+02	Hotel later prevent role area American call. Beyond activity also field thank. Call phone position true.	29	8
5	2022-06-10 21:17:56.159757+02	Environmental wind cup. Very building certainly list officer environment. Social green hour why song provide. Life medical generation city system themselves.	17	9
6	2022-06-10 21:17:56.161741+02	Central discover plant media something state training. Piece give inside may country.\nDebate yourself the character.\nBetter church environmental tough and religious. Kitchen individual however.	21	7
7	2022-06-10 21:17:56.163666+02	Grow director send crime part. Specific activity seven fast loss our. Discuss its center eight management.\nManage though win they. Success onto than can girl.	22	14
8	2022-06-10 21:17:56.165616+02	Must pass best hot smile. Now respond son sell special. Bank east wind politics during.\nChoose out seem next along school. Mr behind red lawyer ask medical miss.	16	5
9	2022-06-10 21:17:56.167583+02	Authority accept citizen huge especially heart. Billion choice help successful. Significant government cell.\nFigure civil real three second son finally. Meet season education goal local shake.	5	8
10	2022-06-10 21:17:56.169571+02	Take dog food lay if. Own little natural situation different. Night soldier reduce win probably.	7	3
11	2022-06-10 21:17:56.171556+02	Various result everyone else protect teach listen. Able bar hotel suffer. Media else quite budget light town.	8	5
12	2022-06-10 21:17:56.173755+02	Generation which quite check inside generation though. Individual break both leave ever collection speech interest. Note pay tax.	10	12
13	2022-06-10 21:17:56.175991+02	Decide appear significant finally. My stay another fly. Lawyer east source want.\nAbove kid he fight same may nature. Another structure culture from listen prove success.	28	10
14	2022-06-10 21:17:56.17799+02	Against street every outside painting those hot. Finish stop citizen peace.\nDown receive loss us five. Pretty position boy establish help.	16	7
15	2022-06-10 21:17:56.180012+02	Soon easy opportunity head matter include food. High take control.\nBecome piece or notice. News lead beyond. Whole shake eye throughout letter operation.	17	18
16	2022-06-10 21:17:56.181898+02	Peace determine spend into major father. Usually necessary course identify.\nRoom rule anything remain appear early. Recent among cut protect year professional resource.	18	15
17	2022-06-10 21:17:56.183899+02	White action identify trouble seek first nature travel.\nSure first significant enter knowledge Mr computer.\nSuddenly wrong clear give technology teach successful.	15	6
18	2022-06-10 21:17:56.185894+02	Player even phone billion someone. Student cover trade think sit consumer. Foreign your occur relate series statement enter.	1	15
19	2022-06-10 21:17:56.187867+02	Its audience must traditional month. Measure along analysis go decade the player. Simple once condition I industry thousand against.\nSpring enjoy but crime. Age prevent resource.	14	2
20	2022-06-10 21:17:56.193449+02	Thought style than she north line. Lay girl opportunity office receive life. Under investment forget likely so find voice.	18	3
21	2022-06-10 21:17:56.200866+02	Nation ready claim herself. Success however book threat. Whatever guy very develop again.\nRelate space still. Call east article rise management thank.	25	12
22	2022-06-10 21:17:56.209215+02	The focus image school. Fill treatment traditional enjoy impact set.\nKitchen serve yourself use. Project realize what research word begin.	7	9
23	2022-06-10 21:17:56.21444+02	Take morning law adult party. Movement fear computer human begin analysis learn. Democrat time development various conference.\nMean seek chance. Something day policy population.	9	5
24	2022-06-10 21:17:56.218611+02	Fast describe until news in suddenly. Bank case expect.\nUse partner thousand character. Natural wait building listen you of east. Part alone key worry business answer.	16	21
25	2022-06-10 21:17:56.221857+02	Three our institution environmental everyone black play. Difference final audience north well head everyone increase.\nGas into get bank outside.	13	9
26	2022-06-10 21:17:56.224736+02	Ahead skin audience follow successful side. Benefit down knowledge evidence mouth general. Hair whom world population several into.	6	5
27	2022-06-10 21:17:56.227441+02	West course instead help public number. Seat skill area choice play. Detail opportunity gas fall.\nNor change cup anyone new. Bank read thought quality education doctor teacher. Develop center a.	13	21
28	2022-06-10 21:17:56.230152+02	Short politics hand movement. Himself early Mrs speak phone.\nToward poor agree back under ok. Red agency again that early sign imagine.	28	20
29	2022-06-10 21:17:56.232868+02	Health audience hospital. Develop radio whether they modern store.\nTown including front ready chance. Challenge direction serve modern scene deal. Wife personal hold news necessary other.	16	10
30	2022-06-10 21:17:56.235602+02	Player quality hotel TV person politics green. Admit guess throughout under should.\nCamera data stage how its. Send young doctor somebody large recognize.	14	17
31	2022-06-10 21:17:56.238277+02	Benefit mission man mind.\nTheory hospital measure assume draw research. Candidate than tough old safe sell. Glass our third yet.	10	11
32	2022-06-10 21:17:56.240945+02	Step mention tonight.\nPolitics professor rich. Industry effort yard explain computer receive teacher. Suddenly young tonight challenge.	30	11
33	2022-06-10 21:17:56.243655+02	Compare sound test bank investment fly another. After six head town true politics idea. Send involve form law.\nTogether another sister medical team research.	28	15
34	2022-06-10 21:17:56.246351+02	School conference word probably allow. State result agency enjoy. Art soon whom fund send.\nMachine turn night. Employee name in lead. Add attorney child guy white.	6	5
35	2022-06-10 21:17:56.248995+02	Recent system science call position else. Not trial never. Part provide explain hot.\nEvery thus area sport go. Chair every person house television cause. Generation raise pull may science have.	14	3
36	2022-06-10 21:17:56.252628+02	Heavy generation nation soldier save present understand into. Hit family join agree. Threat part certainly instead scientist. Bank candidate evening walk benefit.	23	2
37	2022-06-10 21:17:56.256288+02	Above both yet visit look necessary. Camera detail body. Treat war around whether able form.\nPopular near city. Strong question must structure.	19	12
38	2022-06-10 21:17:56.259953+02	Enjoy investment food parent information. Price rate building follow dark. Require know attorney spend remember right.	26	14
39	2022-06-10 21:17:56.262902+02	Question ten if present. Discuss hand include list present might kitchen. Answer nothing foot.\nInclude class green give. Middle nor me lead country.	2	15
40	2022-06-10 21:17:56.26567+02	Care attorney certain performance break. Produce suggest stay. One significant gas south affect condition.\nHe fast Congress church person technology. Language how expect produce least.	21	16
\.


--
-- Data for Name: catalog_vote; Type: TABLE DATA; Schema: public; Owner: -
--

COPY public.catalog_vote (id, rate, book_id, user_id) FROM stdin;
1	5	21	8
5	5	6	5
6	2	9	6
7	3	14	9
8	5	15	18
9	4	10	13
10	5	8	15
11	7	8	2
13	9	20	7
14	3	17	11
15	8	10	15
16	3	5	21
18	0	21	2
2	0	20	5
20	5	1	8
21	6	2	4
22	1	4	2
23	4	4	3
25	6	9	21
119	2	25	17
28	6	30	4
30	1	7	11
31	8	23	2
32	4	1	16
33	1	4	8
34	3	14	5
36	10	27	13
106	9	1	6
37	9	25	19
38	5	25	15
39	5	17	6
41	10	30	12
45	3	21	13
46	5	14	20
47	1	7	12
50	2	13	3
51	5	1	9
52	9	17	16
53	7	2	21
55	7	12	17
56	4	10	11
57	3	16	14
58	4	27	14
59	2	11	14
60	3	18	5
44	2	11	13
26	5	17	4
29	0	8	14
64	5	13	10
65	7	10	19
66	4	29	11
67	10	10	14
68	10	11	12
69	5	6	9
117	4	21	14
71	0	19	16
72	4	15	5
73	4	12	16
70	8	20	2
24	2	13	11
74	10	22	5
75	10	17	14
76	8	11	3
12	9	17	2
78	7	19	11
80	2	19	4
81	7	15	3
82	4	27	21
83	3	4	7
127	6	26	3
84	0	26	18
85	9	20	13
43	0	5	4
19	7	2	12
4	0	18	8
87	6	9	14
62	9	7	20
88	0	9	4
49	8	24	14
54	9	22	16
89	1	28	21
90	4	9	5
91	9	13	15
92	2	26	10
93	0	22	14
94	1	4	5
95	4	9	9
96	1	21	15
97	4	6	11
99	4	14	13
100	9	29	3
118	6	1	20
101	7	7	6
102	6	23	13
103	3	20	12
104	4	26	16
105	3	15	17
107	8	3	2
108	9	28	6
40	10	6	13
86	8	9	2
109	0	20	19
110	1	22	11
61	9	30	2
111	5	24	15
63	7	30	6
113	7	1	4
114	1	13	9
115	10	22	3
116	6	13	21
27	5	9	19
120	0	15	15
79	3	22	19
121	10	23	8
123	8	11	9
124	1	19	13
125	4	26	11
126	6	15	21
98	10	21	16
77	1	21	3
128	6	28	16
129	5	3	15
35	0	19	15
130	10	20	8
131	3	26	21
132	2	10	10
133	7	12	11
112	5	8	7
134	1	24	13
3	9	18	10
42	3	29	14
48	7	25	10
17	8	2	16
135	5	14	4
122	8	3	4
136	3	1	19
137	9	22	20
138	1	3	8
139	5	30	11
140	1	28	20
141	10	9	20
143	8	29	6
144	3	1	7
145	10	3	13
146	8	17	18
147	0	6	14
148	1	18	9
149	9	28	14
150	2	7	19
151	5	13	17
152	4	7	15
153	10	12	19
154	6	11	5
155	3	22	12
142	10	29	17
156	6	19	2
157	0	30	18
158	9	19	18
159	9	15	16
160	8	12	18
161	10	27	2
162	10	15	7
\.


--
-- Data for Name: django_admin_log; Type: TABLE DATA; Schema: public; Owner: -
--

COPY public.django_admin_log (id, action_time, object_id, object_repr, action_flag, change_message, content_type_id, user_id) FROM stdin;
\.


--
-- Data for Name: django_content_type; Type: TABLE DATA; Schema: public; Owner: -
--

COPY public.django_content_type (id, app_label, model) FROM stdin;
1	admin	logentry
2	auth	permission
3	auth	group
4	auth	user
5	contenttypes	contenttype
6	sessions	session
7	catalog	author
8	catalog	book
9	catalog	comment
10	catalog	vote
11	orders	order
12	orders	orderitem
\.


--
-- Data for Name: django_migrations; Type: TABLE DATA; Schema: public; Owner: -
--

COPY public.django_migrations (id, app, name, applied) FROM stdin;
1	contenttypes	0001_initial	2022-06-10 21:17:48.401989+02
2	auth	0001_initial	2022-06-10 21:17:48.451515+02
3	admin	0001_initial	2022-06-10 21:17:48.465408+02
4	admin	0002_logentry_remove_auto_add	2022-06-10 21:17:48.471793+02
5	admin	0003_logentry_add_action_flag_choices	2022-06-10 21:17:48.477438+02
6	contenttypes	0002_remove_content_type_name	2022-06-10 21:17:48.489224+02
7	auth	0002_alter_permission_name_max_length	2022-06-10 21:17:48.495235+02
8	auth	0003_alter_user_email_max_length	2022-06-10 21:17:48.502071+02
9	auth	0004_alter_user_username_opts	2022-06-10 21:17:48.5077+02
10	auth	0005_alter_user_last_login_null	2022-06-10 21:17:48.514757+02
11	auth	0006_require_contenttypes_0002	2022-06-10 21:17:48.51615+02
12	auth	0007_alter_validators_add_error_messages	2022-06-10 21:17:48.522707+02
13	auth	0008_alter_user_username_max_length	2022-06-10 21:17:48.531079+02
14	auth	0009_alter_user_last_name_max_length	2022-06-10 21:17:48.536986+02
15	auth	0010_alter_group_name_max_length	2022-06-10 21:17:48.543909+02
16	auth	0011_update_proxy_permissions	2022-06-10 21:17:48.550247+02
17	auth	0012_alter_user_first_name_max_length	2022-06-10 21:17:48.556107+02
18	catalog	0001_initial	2022-06-10 21:17:48.591954+02
19	catalog	0002_auto_20220610_1123	2022-06-10 21:17:48.610474+02
20	catalog	0003_alter_vote_rate	2022-06-10 21:17:48.618561+02
21	catalog	0004_alter_vote_rate	2022-06-10 21:17:48.626327+02
22	catalog	0005_auto_20220610_1437	2022-06-10 21:17:48.639236+02
23	catalog	0006_alter_book_score	2022-06-10 21:17:48.644404+02
24	catalog	0007_book_n_votes	2022-06-10 21:17:48.649814+02
25	orders	0001_initial	2022-06-10 21:17:48.676693+02
26	sessions	0001_initial	2022-06-10 21:17:48.688326+02
\.


--
-- Data for Name: django_session; Type: TABLE DATA; Schema: public; Owner: -
--

COPY public.django_session (session_key, session_data, expire_date) FROM stdin;
\.


--
-- Data for Name: orders_order; Type: TABLE DATA; Schema: public; Owner: -
--

COPY public.orders_order (id, first_name, last_name, email, address, postal_code, city, created, updated, paid) FROM stdin;
\.


--
-- Data for Name: orders_orderitem; Type: TABLE DATA; Schema: public; Owner: -
--

COPY public.orders_orderitem (id, price, quantity, book_id, order_id) FROM stdin;
\.


--
-- Name: auth_group_id_seq; Type: SEQUENCE SET; Schema: public; Owner: -
--

SELECT pg_catalog.setval('public.auth_group_id_seq', 1, false);


--
-- Name: auth_group_permissions_id_seq; Type: SEQUENCE SET; Schema: public; Owner: -
--

SELECT pg_catalog.setval('public.auth_group_permissions_id_seq', 1, false);


--
-- Name: auth_permission_id_seq; Type: SEQUENCE SET; Schema: public; Owner: -
--

SELECT pg_catalog.setval('public.auth_permission_id_seq', 48, true);


--
-- Name: auth_user_groups_id_seq; Type: SEQUENCE SET; Schema: public; Owner: -
--

SELECT pg_catalog.setval('public.auth_user_groups_id_seq', 1, false);


--
-- Name: auth_user_id_seq; Type: SEQUENCE SET; Schema: public; Owner: -
--

SELECT pg_catalog.setval('public.auth_user_id_seq', 22, true);


--
-- Name: auth_user_user_permissions_id_seq; Type: SEQUENCE SET; Schema: public; Owner: -
--

SELECT pg_catalog.setval('public.auth_user_user_permissions_id_seq', 1, false);


--
-- Name: catalog_author_id_seq; Type: SEQUENCE SET; Schema: public; Owner: -
--

SELECT pg_catalog.setval('public.catalog_author_id_seq', 10, true);


--
-- Name: catalog_book_author_id_seq; Type: SEQUENCE SET; Schema: public; Owner: -
--

SELECT pg_catalog.setval('public.catalog_book_author_id_seq', 30, true);


--
-- Name: catalog_book_id_seq; Type: SEQUENCE SET; Schema: public; Owner: -
--

SELECT pg_catalog.setval('public.catalog_book_id_seq', 30, true);


--
-- Name: catalog_comment_id_seq; Type: SEQUENCE SET; Schema: public; Owner: -
--

SELECT pg_catalog.setval('public.catalog_comment_id_seq', 40, true);


--
-- Name: catalog_vote_id_seq; Type: SEQUENCE SET; Schema: public; Owner: -
--

SELECT pg_catalog.setval('public.catalog_vote_id_seq', 162, true);


--
-- Name: django_admin_log_id_seq; Type: SEQUENCE SET; Schema: public; Owner: -
--

SELECT pg_catalog.setval('public.django_admin_log_id_seq', 1, false);


--
-- Name: django_content_type_id_seq; Type: SEQUENCE SET; Schema: public; Owner: -
--

SELECT pg_catalog.setval('public.django_content_type_id_seq', 12, true);


--
-- Name: django_migrations_id_seq; Type: SEQUENCE SET; Schema: public; Owner: -
--

SELECT pg_catalog.setval('public.django_migrations_id_seq', 26, true);


--
-- Name: orders_order_id_seq; Type: SEQUENCE SET; Schema: public; Owner: -
--

SELECT pg_catalog.setval('public.orders_order_id_seq', 1, false);


--
-- Name: orders_orderitem_id_seq; Type: SEQUENCE SET; Schema: public; Owner: -
--

SELECT pg_catalog.setval('public.orders_orderitem_id_seq', 1, false);


--
-- Name: auth_group auth_group_name_key; Type: CONSTRAINT; Schema: public; Owner: -
--

ALTER TABLE ONLY public.auth_group
    ADD CONSTRAINT auth_group_name_key UNIQUE (name);


--
-- Name: auth_group_permissions auth_group_permissions_group_id_permission_id_0cd325b0_uniq; Type: CONSTRAINT; Schema: public; Owner: -
--

ALTER TABLE ONLY public.auth_group_permissions
    ADD CONSTRAINT auth_group_permissions_group_id_permission_id_0cd325b0_uniq UNIQUE (group_id, permission_id);


--
-- Name: auth_group_permissions auth_group_permissions_pkey; Type: CONSTRAINT; Schema: public; Owner: -
--

ALTER TABLE ONLY public.auth_group_permissions
    ADD CONSTRAINT auth_group_permissions_pkey PRIMARY KEY (id);


--
-- Name: auth_group auth_group_pkey; Type: CONSTRAINT; Schema: public; Owner: -
--

ALTER TABLE ONLY public.auth_group
    ADD CONSTRAINT auth_group_pkey PRIMARY KEY (id);


--
-- Name: auth_permission auth_permission_content_type_id_codename_01ab375a_uniq; Type: CONSTRAINT; Schema: public; Owner: -
--

ALTER TABLE ONLY public.auth_permission
    ADD CONSTRAINT auth_permission_content_type_id_codename_01ab375a_uniq UNIQUE (content_type_id, codename);


--
-- Name: auth_permission auth_permission_pkey; Type: CONSTRAINT; Schema: public; Owner: -
--

ALTER TABLE ONLY public.auth_permission
    ADD CONSTRAINT auth_permission_pkey PRIMARY KEY (id);


--
-- Name: auth_user_groups auth_user_groups_pkey; Type: CONSTRAINT; Schema: public; Owner: -
--

ALTER TABLE ONLY public.auth_user_groups
    ADD CONSTRAINT auth_user_groups_pkey PRIMARY KEY (id);


--
-- Name: auth_user_groups auth_user_groups_user_id_group_id_94350c0c_uniq; Type: CONSTRAINT; Schema: public; Owner: -
--

ALTER TABLE ONLY public.auth_user_groups
    ADD CONSTRAINT auth_user_groups_user_id_group_id_94350c0c_uniq UNIQUE (user_id, group_id);


--
-- Name: auth_user auth_user_pkey; Type: CONSTRAINT; Schema: public; Owner: -
--

ALTER TABLE ONLY public.auth_user
    ADD CONSTRAINT auth_user_pkey PRIMARY KEY (id);


--
-- Name: auth_user_user_permissions auth_user_user_permissions_pkey; Type: CONSTRAINT; Schema: public; Owner: -
--

ALTER TABLE ONLY public.auth_user_user_permissions
    ADD CONSTRAINT auth_user_user_permissions_pkey PRIMARY KEY (id);


--
-- Name: auth_user_user_permissions auth_user_user_permissions_user_id_permission_id_14a6b632_uniq; Type: CONSTRAINT; Schema: public; Owner: -
--

ALTER TABLE ONLY public.auth_user_user_permissions
    ADD CONSTRAINT auth_user_user_permissions_user_id_permission_id_14a6b632_uniq UNIQUE (user_id, permission_id);


--
-- Name: auth_user auth_user_username_key; Type: CONSTRAINT; Schema: public; Owner: -
--

ALTER TABLE ONLY public.auth_user
    ADD CONSTRAINT auth_user_username_key UNIQUE (username);


--
-- Name: catalog_author catalog_author_pkey; Type: CONSTRAINT; Schema: public; Owner: -
--

ALTER TABLE ONLY public.catalog_author
    ADD CONSTRAINT catalog_author_pkey PRIMARY KEY (id);


--
-- Name: catalog_book_author catalog_book_author_book_id_author_id_6fa31ecf_uniq; Type: CONSTRAINT; Schema: public; Owner: -
--

ALTER TABLE ONLY public.catalog_book_author
    ADD CONSTRAINT catalog_book_author_book_id_author_id_6fa31ecf_uniq UNIQUE (book_id, author_id);


--
-- Name: catalog_book_author catalog_book_author_pkey; Type: CONSTRAINT; Schema: public; Owner: -
--

ALTER TABLE ONLY public.catalog_book_author
    ADD CONSTRAINT catalog_book_author_pkey PRIMARY KEY (id);


--
-- Name: catalog_book catalog_book_isbn_key; Type: CONSTRAINT; Schema: public; Owner: -
--

ALTER TABLE ONLY public.catalog_book
    ADD CONSTRAINT catalog_book_isbn_key UNIQUE (isbn);


--
-- Name: catalog_book catalog_book_pkey; Type: CONSTRAINT; Schema: public; Owner: -
--

ALTER TABLE ONLY public.catalog_book
    ADD CONSTRAINT catalog_book_pkey PRIMARY KEY (id);


--
-- Name: catalog_comment catalog_comment_pkey; Type: CONSTRAINT; Schema: public; Owner: -
--

ALTER TABLE ONLY public.catalog_comment
    ADD CONSTRAINT catalog_comment_pkey PRIMARY KEY (id);


--
-- Name: catalog_vote catalog_vote_pkey; Type: CONSTRAINT; Schema: public; Owner: -
--

ALTER TABLE ONLY public.catalog_vote
    ADD CONSTRAINT catalog_vote_pkey PRIMARY KEY (id);


--
-- Name: django_admin_log django_admin_log_pkey; Type: CONSTRAINT; Schema: public; Owner: -
--

ALTER TABLE ONLY public.django_admin_log
    ADD CONSTRAINT django_admin_log_pkey PRIMARY KEY (id);


--
-- Name: django_content_type django_content_type_app_label_model_76bd3d3b_uniq; Type: CONSTRAINT; Schema: public; Owner: -
--

ALTER TABLE ONLY public.django_content_type
    ADD CONSTRAINT django_content_type_app_label_model_76bd3d3b_uniq UNIQUE (app_label, model);


--
-- Name: django_content_type django_content_type_pkey; Type: CONSTRAINT; Schema: public; Owner: -
--

ALTER TABLE ONLY public.django_content_type
    ADD CONSTRAINT django_content_type_pkey PRIMARY KEY (id);


--
-- Name: django_migrations django_migrations_pkey; Type: CONSTRAINT; Schema: public; Owner: -
--

ALTER TABLE ONLY public.django_migrations
    ADD CONSTRAINT django_migrations_pkey PRIMARY KEY (id);


--
-- Name: django_session django_session_pkey; Type: CONSTRAINT; Schema: public; Owner: -
--

ALTER TABLE ONLY public.django_session
    ADD CONSTRAINT django_session_pkey PRIMARY KEY (session_key);


--
-- Name: orders_order orders_order_pkey; Type: CONSTRAINT; Schema: public; Owner: -
--

ALTER TABLE ONLY public.orders_order
    ADD CONSTRAINT orders_order_pkey PRIMARY KEY (id);


--
-- Name: orders_orderitem orders_orderitem_pkey; Type: CONSTRAINT; Schema: public; Owner: -
--

ALTER TABLE ONLY public.orders_orderitem
    ADD CONSTRAINT orders_orderitem_pkey PRIMARY KEY (id);


--
-- Name: auth_group_name_a6ea08ec_like; Type: INDEX; Schema: public; Owner: -
--

CREATE INDEX auth_group_name_a6ea08ec_like ON public.auth_group USING btree (name varchar_pattern_ops);


--
-- Name: auth_group_permissions_group_id_b120cbf9; Type: INDEX; Schema: public; Owner: -
--

CREATE INDEX auth_group_permissions_group_id_b120cbf9 ON public.auth_group_permissions USING btree (group_id);


--
-- Name: auth_group_permissions_permission_id_84c5c92e; Type: INDEX; Schema: public; Owner: -
--

CREATE INDEX auth_group_permissions_permission_id_84c5c92e ON public.auth_group_permissions USING btree (permission_id);


--
-- Name: auth_permission_content_type_id_2f476e4b; Type: INDEX; Schema: public; Owner: -
--

CREATE INDEX auth_permission_content_type_id_2f476e4b ON public.auth_permission USING btree (content_type_id);


--
-- Name: auth_user_groups_group_id_97559544; Type: INDEX; Schema: public; Owner: -
--

CREATE INDEX auth_user_groups_group_id_97559544 ON public.auth_user_groups USING btree (group_id);


--
-- Name: auth_user_groups_user_id_6a12ed8b; Type: INDEX; Schema: public; Owner: -
--

CREATE INDEX auth_user_groups_user_id_6a12ed8b ON public.auth_user_groups USING btree (user_id);


--
-- Name: auth_user_user_permissions_permission_id_1fbb5f2c; Type: INDEX; Schema: public; Owner: -
--

CREATE INDEX auth_user_user_permissions_permission_id_1fbb5f2c ON public.auth_user_user_permissions USING btree (permission_id);


--
-- Name: auth_user_user_permissions_user_id_a95ead1b; Type: INDEX; Schema: public; Owner: -
--

CREATE INDEX auth_user_user_permissions_user_id_a95ead1b ON public.auth_user_user_permissions USING btree (user_id);


--
-- Name: auth_user_username_6821ab7c_like; Type: INDEX; Schema: public; Owner: -
--

CREATE INDEX auth_user_username_6821ab7c_like ON public.auth_user USING btree (username varchar_pattern_ops);


--
-- Name: catalog_book_author_author_id_7cb75b74; Type: INDEX; Schema: public; Owner: -
--

CREATE INDEX catalog_book_author_author_id_7cb75b74 ON public.catalog_book_author USING btree (author_id);


--
-- Name: catalog_book_author_book_id_c16d17b8; Type: INDEX; Schema: public; Owner: -
--

CREATE INDEX catalog_book_author_book_id_c16d17b8 ON public.catalog_book_author USING btree (book_id);


--
-- Name: catalog_book_isbn_30805834_like; Type: INDEX; Schema: public; Owner: -
--

CREATE INDEX catalog_book_isbn_30805834_like ON public.catalog_book USING btree (isbn varchar_pattern_ops);


--
-- Name: catalog_book_slug_4eebf644; Type: INDEX; Schema: public; Owner: -
--

CREATE INDEX catalog_book_slug_4eebf644 ON public.catalog_book USING btree (slug);


--
-- Name: catalog_book_slug_4eebf644_like; Type: INDEX; Schema: public; Owner: -
--

CREATE INDEX catalog_book_slug_4eebf644_like ON public.catalog_book USING btree (slug varchar_pattern_ops);


--
-- Name: catalog_comment_book_id_d8d57b4b; Type: INDEX; Schema: public; Owner: -
--

CREATE INDEX catalog_comment_book_id_d8d57b4b ON public.catalog_comment USING btree (book_id);


--
-- Name: catalog_comment_user_id_30926d6e; Type: INDEX; Schema: public; Owner: -
--

CREATE INDEX catalog_comment_user_id_30926d6e ON public.catalog_comment USING btree (user_id);


--
-- Name: catalog_vote_book_id_74db257a; Type: INDEX; Schema: public; Owner: -
--

CREATE INDEX catalog_vote_book_id_74db257a ON public.catalog_vote USING btree (book_id);


--
-- Name: catalog_vote_user_id_f0a52bea; Type: INDEX; Schema: public; Owner: -
--

CREATE INDEX catalog_vote_user_id_f0a52bea ON public.catalog_vote USING btree (user_id);


--
-- Name: django_admin_log_content_type_id_c4bce8eb; Type: INDEX; Schema: public; Owner: -
--

CREATE INDEX django_admin_log_content_type_id_c4bce8eb ON public.django_admin_log USING btree (content_type_id);


--
-- Name: django_admin_log_user_id_c564eba6; Type: INDEX; Schema: public; Owner: -
--

CREATE INDEX django_admin_log_user_id_c564eba6 ON public.django_admin_log USING btree (user_id);


--
-- Name: django_session_expire_date_a5c62663; Type: INDEX; Schema: public; Owner: -
--

CREATE INDEX django_session_expire_date_a5c62663 ON public.django_session USING btree (expire_date);


--
-- Name: django_session_session_key_c0390e0f_like; Type: INDEX; Schema: public; Owner: -
--

CREATE INDEX django_session_session_key_c0390e0f_like ON public.django_session USING btree (session_key varchar_pattern_ops);


--
-- Name: orders_orderitem_book_id_ed013cad; Type: INDEX; Schema: public; Owner: -
--

CREATE INDEX orders_orderitem_book_id_ed013cad ON public.orders_orderitem USING btree (book_id);


--
-- Name: orders_orderitem_order_id_fe61a34d; Type: INDEX; Schema: public; Owner: -
--

CREATE INDEX orders_orderitem_order_id_fe61a34d ON public.orders_orderitem USING btree (order_id);


--
-- Name: auth_group_permissions auth_group_permissio_permission_id_84c5c92e_fk_auth_perm; Type: FK CONSTRAINT; Schema: public; Owner: -
--

ALTER TABLE ONLY public.auth_group_permissions
    ADD CONSTRAINT auth_group_permissio_permission_id_84c5c92e_fk_auth_perm FOREIGN KEY (permission_id) REFERENCES public.auth_permission(id) DEFERRABLE INITIALLY DEFERRED;


--
-- Name: auth_group_permissions auth_group_permissions_group_id_b120cbf9_fk_auth_group_id; Type: FK CONSTRAINT; Schema: public; Owner: -
--

ALTER TABLE ONLY public.auth_group_permissions
    ADD CONSTRAINT auth_group_permissions_group_id_b120cbf9_fk_auth_group_id FOREIGN KEY (group_id) REFERENCES public.auth_group(id) DEFERRABLE INITIALLY DEFERRED;


--
-- Name: auth_permission auth_permission_content_type_id_2f476e4b_fk_django_co; Type: FK CONSTRAINT; Schema: public; Owner: -
--

ALTER TABLE ONLY public.auth_permission
    ADD CONSTRAINT auth_permission_content_type_id_2f476e4b_fk_django_co FOREIGN KEY (content_type_id) REFERENCES public.django_content_type(id) DEFERRABLE INITIALLY DEFERRED;


--
-- Name: auth_user_groups auth_user_groups_group_id_97559544_fk_auth_group_id; Type: FK CONSTRAINT; Schema: public; Owner: -
--

ALTER TABLE ONLY public.auth_user_groups
    ADD CONSTRAINT auth_user_groups_group_id_97559544_fk_auth_group_id FOREIGN KEY (group_id) REFERENCES public.auth_group(id) DEFERRABLE INITIALLY DEFERRED;


--
-- Name: auth_user_groups auth_user_groups_user_id_6a12ed8b_fk_auth_user_id; Type: FK CONSTRAINT; Schema: public; Owner: -
--

ALTER TABLE ONLY public.auth_user_groups
    ADD CONSTRAINT auth_user_groups_user_id_6a12ed8b_fk_auth_user_id FOREIGN KEY (user_id) REFERENCES public.auth_user(id) DEFERRABLE INITIALLY DEFERRED;


--
-- Name: auth_user_user_permissions auth_user_user_permi_permission_id_1fbb5f2c_fk_auth_perm; Type: FK CONSTRAINT; Schema: public; Owner: -
--

ALTER TABLE ONLY public.auth_user_user_permissions
    ADD CONSTRAINT auth_user_user_permi_permission_id_1fbb5f2c_fk_auth_perm FOREIGN KEY (permission_id) REFERENCES public.auth_permission(id) DEFERRABLE INITIALLY DEFERRED;


--
-- Name: auth_user_user_permissions auth_user_user_permissions_user_id_a95ead1b_fk_auth_user_id; Type: FK CONSTRAINT; Schema: public; Owner: -
--

ALTER TABLE ONLY public.auth_user_user_permissions
    ADD CONSTRAINT auth_user_user_permissions_user_id_a95ead1b_fk_auth_user_id FOREIGN KEY (user_id) REFERENCES public.auth_user(id) DEFERRABLE INITIALLY DEFERRED;


--
-- Name: catalog_book_author catalog_book_author_author_id_7cb75b74_fk_catalog_author_id; Type: FK CONSTRAINT; Schema: public; Owner: -
--

ALTER TABLE ONLY public.catalog_book_author
    ADD CONSTRAINT catalog_book_author_author_id_7cb75b74_fk_catalog_author_id FOREIGN KEY (author_id) REFERENCES public.catalog_author(id) DEFERRABLE INITIALLY DEFERRED;


--
-- Name: catalog_book_author catalog_book_author_book_id_c16d17b8_fk_catalog_book_id; Type: FK CONSTRAINT; Schema: public; Owner: -
--

ALTER TABLE ONLY public.catalog_book_author
    ADD CONSTRAINT catalog_book_author_book_id_c16d17b8_fk_catalog_book_id FOREIGN KEY (book_id) REFERENCES public.catalog_book(id) DEFERRABLE INITIALLY DEFERRED;


--
-- Name: catalog_comment catalog_comment_book_id_d8d57b4b_fk_catalog_book_id; Type: FK CONSTRAINT; Schema: public; Owner: -
--

ALTER TABLE ONLY public.catalog_comment
    ADD CONSTRAINT catalog_comment_book_id_d8d57b4b_fk_catalog_book_id FOREIGN KEY (book_id) REFERENCES public.catalog_book(id) DEFERRABLE INITIALLY DEFERRED;


--
-- Name: catalog_comment catalog_comment_user_id_30926d6e_fk_auth_user_id; Type: FK CONSTRAINT; Schema: public; Owner: -
--

ALTER TABLE ONLY public.catalog_comment
    ADD CONSTRAINT catalog_comment_user_id_30926d6e_fk_auth_user_id FOREIGN KEY (user_id) REFERENCES public.auth_user(id) DEFERRABLE INITIALLY DEFERRED;


--
-- Name: catalog_vote catalog_vote_book_id_74db257a_fk_catalog_book_id; Type: FK CONSTRAINT; Schema: public; Owner: -
--

ALTER TABLE ONLY public.catalog_vote
    ADD CONSTRAINT catalog_vote_book_id_74db257a_fk_catalog_book_id FOREIGN KEY (book_id) REFERENCES public.catalog_book(id) DEFERRABLE INITIALLY DEFERRED;


--
-- Name: catalog_vote catalog_vote_user_id_f0a52bea_fk_auth_user_id; Type: FK CONSTRAINT; Schema: public; Owner: -
--

ALTER TABLE ONLY public.catalog_vote
    ADD CONSTRAINT catalog_vote_user_id_f0a52bea_fk_auth_user_id FOREIGN KEY (user_id) REFERENCES public.auth_user(id) DEFERRABLE INITIALLY DEFERRED;


--
-- Name: django_admin_log django_admin_log_content_type_id_c4bce8eb_fk_django_co; Type: FK CONSTRAINT; Schema: public; Owner: -
--

ALTER TABLE ONLY public.django_admin_log
    ADD CONSTRAINT django_admin_log_content_type_id_c4bce8eb_fk_django_co FOREIGN KEY (content_type_id) REFERENCES public.django_content_type(id) DEFERRABLE INITIALLY DEFERRED;


--
-- Name: django_admin_log django_admin_log_user_id_c564eba6_fk_auth_user_id; Type: FK CONSTRAINT; Schema: public; Owner: -
--

ALTER TABLE ONLY public.django_admin_log
    ADD CONSTRAINT django_admin_log_user_id_c564eba6_fk_auth_user_id FOREIGN KEY (user_id) REFERENCES public.auth_user(id) DEFERRABLE INITIALLY DEFERRED;


--
-- Name: orders_orderitem orders_orderitem_book_id_ed013cad_fk_catalog_book_id; Type: FK CONSTRAINT; Schema: public; Owner: -
--

ALTER TABLE ONLY public.orders_orderitem
    ADD CONSTRAINT orders_orderitem_book_id_ed013cad_fk_catalog_book_id FOREIGN KEY (book_id) REFERENCES public.catalog_book(id) DEFERRABLE INITIALLY DEFERRED;


--
-- Name: orders_orderitem orders_orderitem_order_id_fe61a34d_fk_orders_order_id; Type: FK CONSTRAINT; Schema: public; Owner: -
--

ALTER TABLE ONLY public.orders_orderitem
    ADD CONSTRAINT orders_orderitem_order_id_fe61a34d_fk_orders_order_id FOREIGN KEY (order_id) REFERENCES public.orders_order(id) DEFERRABLE INITIALLY DEFERRED;


--
-- PostgreSQL database dump complete
--

